Sales Category,Item Qty,Net Sales,Discount Amount,Gross Sales,Tax Amount,date
Cabana Bar RC,24,184.0,0.0,184.0,0.0,2023-05-24
Hot Corner RC,253,1259.06,25.21,1284.27,137.93,2023-05-24
Main Stand RC,685,2896.7,17.66,2914.36,317.16,2023-05-24
Blue Trailer RC,182,1272.71,3.14,1275.85,140.29,2023-05-24
Main Beer Stand RC,12,42.5,0.0,42.5,0.0,2023-05-24
Wilcox Ice Cream RC,45,170.13,15.03,185.16,18.62,2023-05-24
Pizza Trailer RC,149,1755.65,0.0,1755.65,192.35,2023-05-24
Dippin Dots RC,92,579.6,0.0,579.6,64.4,2023-05-24
Pavillion Bar RC,22,176.0,0.0,176.0,0.0,2023-05-24
Suites RC,9,72.0,0.0,72.0,0.0,2023-05-24
Main Beer Stand RC,2,16.0,0.0,16.0,0.0,2023-05-24
Main Beer Stand RC,58,510.0,0.0,510.0,0.0,2023-05-24
Merchandise RC,263,6274.71,56.22,6330.93,149.05,2023-05-24
Pavillion Bar RC,16,116.32,0.0,116.32,2.18,2023-05-24
Main Beer Stand RC,14,112.0,0.0,112.0,0.0,2023-05-24
Pavillion Bar RC,1,8.0,0.0,8.0,0.0,2023-05-24
Suites RC,19,134.0,0.0,134.0,0.0,2023-05-24
Main Beer Stand RC,416,2936.0,0.0,2936.0,0.0,2023-05-24
Suites RC,11,130.0,0.0,130.0,0.0,2023-05-24
Blue Trailer RC,29,55.07,0.0,55.07,5.93,2023-05-24
Pavillion Bar RC,87,656.0,0.0,656.0,0.0,2023-05-24
Pizza Trailer RC,3,12.18,0.0,12.18,1.32,2023-05-24
Main Stand RC,188,458.48,1.58,460.06,49.27,2023-05-24
Hot Corner RC,40,118.28,0.0,118.28,12.72,2023-05-24
Cabana Bar RC,3,34.0,0.0,34.0,0.0,2023-05-24
Wilcox Ice Cream RC,1,1.13,1.13,2.26,0.12,2023-05-24
Main Beer Stand RC,10,108.0,0.0,108.0,0.0,2023-05-25
Dippin Dots RC,40,252.0,0.0,252.0,28.0,2023-05-25
Pavillion Bar RC,4,36.04,0.0,36.04,3.96,2023-05-25
Merchandise RC,143,2949.8,80.69,3030.49,58.18,2023-05-25
Pavillion Bar RC,5,17.6,2.25,19.85,1.9,2023-05-25
Main Stand RC,151,364.07,4.74,368.81,39.18,2023-05-25
Main Beer Stand RC,8,26.5,0.0,26.5,0.0,2023-05-25
Hot Corner RC,130,662.51,29.24,691.75,72.49,2023-05-25
Wilcox Ice Cream RC,79,233.0,5.38,238.38,25.5,2023-05-25
Main Stand RC,337,1476.13,24.19,1500.32,161.49,2023-05-25
Pizza Trailer RC,77,810.99,0.0,810.99,89.01,2023-05-25
Cabana Bar RC,4,48.0,0.0,48.0,0.0,2023-05-25
Blue Trailer RC,75,540.58,0.0,540.58,59.42,2023-05-25
Main Beer Stand RC,4,32.0,0.0,32.0,0.0,2023-05-25
Pavillion Bar RC,2,14.42,0.0,14.42,1.58,2023-05-25
Pavillion Bar RC,12,86.52,0.0,86.52,9.48,2023-05-25
Main Beer Stand RC,22,176.0,0.0,176.0,0.0,2023-05-25
Cabana Bar RC,9,62.0,0.0,62.0,0.0,2023-05-25
Pizza Trailer RC,8,32.48,0.0,32.48,3.52,2023-05-25
Blue Trailer RC,27,47.39,0.0,47.39,5.11,2023-05-25
Pavillion Bar RC,5,14.9,0.0,14.9,1.6,2023-05-25
Hot Corner RC,31,90.04,1.58,91.62,9.71,2023-05-25
Pavillion Bar RC,31,209.03,0.0,209.03,22.97,2023-05-25
Main Beer Stand RC,241,1740.0,0.0,1740.0,0.0,2023-05-25
Cabana Bar RC,1,8.0,0.0,8.0,0.0,2023-05-25
Wilcox Ice Cream RC,5,11.3,0.0,11.3,1.2,2023-05-25
Merchandise RC,324,6409.0,97.26,6506.26,131.3,2023-05-26
Main Beer Stand RC,603,4420.0,0.0,4420.0,0.0,2023-05-26
Pavillion Bar RC,143,927.86,0.0,927.86,102.14,2023-05-26
Pavillion Bar RC,23,234.23,0.0,234.23,25.77,2023-05-26
Pavillion Bar RC,1,7.21,0.0,7.21,0.79,2023-05-26
Cabana Bar RC,23,268.0,0.0,268.0,0.0,2023-05-26
No Revenue Center,2,34.0,0.0,34.0,0.0,2023-05-26
Main Beer Stand RC,9,72.0,0.0,72.0,0.0,2023-05-26
Cabana Bar RC,114,812.0,0.0,812.0,0.0,2023-05-26
Main Beer Stand RC,24,268.0,0.0,268.0,0.0,2023-05-26
Main Beer Stand RC,60,480.0,0.0,480.0,0.0,2023-05-26
Hot Corner RC,119,346.2,0.0,346.2,37.3,2023-05-26
Hot Corner RC,450,2456.63,22.62,2479.25,268.98,2023-05-26
Blue Trailer RC,239,1508.67,26.07,1534.74,165.83,2023-05-26
Main Stand RC,817,3644.76,57.69,3702.45,398.6,2023-05-26
Dippin Dots RC,220,1373.52,12.48,1386.0,152.48,2023-05-26
Wilcox Ice Cream RC,159,666.7,19.06,685.76,73.05,2023-05-26
Pavillion Bar RC,30,216.3,0.0,216.3,23.7,2023-05-26
Pizza Trailer RC,173,1941.06,0.0,1941.06,212.94,2023-05-26
Pavillion Bar RC,30,77.7,0.0,77.7,8.3,2023-05-26
Cabana Bar RC,1,8.0,0.0,8.0,0.0,2023-05-26
Main Stand RC,358,952.19,6.32,958.51,102.31,2023-05-26
Pizza Trailer RC,12,48.72,0.0,48.72,5.28,2023-05-26
Blue Trailer RC,68,135.91,0.0,135.91,14.59,2023-05-26
Wilcox Ice Cream RC,1,2.26,0.0,2.26,0.24,2023-05-26
Pavillion Bar RC,19,61.39,0.0,61.39,6.61,2023-05-26
Main Beer Stand RC,34,122.5,0.0,122.5,0.0,2023-05-26
Main Beer Stand RC,65,192.0,0.0,192.0,0.0,2023-05-27
Main Beer Stand RC,80,640.0,0.0,640.0,0.0,2023-05-27
Pavillion Bar RC,3,21.63,0.0,21.63,2.37,2023-05-27
Cabana Bar RC,1,8.0,0.0,8.0,0.0,2023-05-27
Main Beer Stand RC,13,104.0,0.0,104.0,0.0,2023-05-27
Pavillion Bar RC,41,295.61,0.0,295.61,32.39,2023-05-27
Pavillion Bar RC,16,53.26,0.0,53.26,5.74,2023-05-27
Blue Trailer RC,268,1644.1,14.63,1658.73,180.65,2023-05-27
Dippin Dots RC,276,1713.68,25.12,1738.8,190.32,2023-05-27
Main Stand RC,929,4085.25,44.47,4129.72,446.86,2023-05-27
Wilcox Ice Cream RC,206,904.32,12.13,916.45,99.18,2023-05-27
Hot Corner RC,413,2422.65,10.8,2433.45,265.35,2023-05-27
Pizza Trailer RC,191,2177.21,0.0,2177.21,238.79,2023-05-27
Cabana Bar RC,80,576.5,0.0,576.5,0.0,2023-05-27
Hot Corner RC,189,539.06,3.16,542.22,57.94,2023-05-27
Pizza Trailer RC,29,117.74,0.0,117.74,12.76,2023-05-27
Wilcox Ice Cream RC,14,38.39,0.0,38.39,4.11,2023-05-27
Merchandise RC,421,7882.49,91.03,7973.52,159.74,2023-05-27
Pavillion Bar RC,89,235.55,4.29,239.84,25.2,2023-05-27
Main Stand RC,594,1562.79,4.74,1567.53,167.96,2023-05-27
Blue Trailer RC,135,295.36,1.36,296.72,31.64,2023-05-27
Main Beer Stand RC,51,570.0,0.0,570.0,0.0,2023-05-27
Cabana Bar RC,13,148.0,0.0,148.0,0.0,2023-05-27
Pavillion Bar RC,137,906.32,0.0,906.32,99.68,2023-05-27
Main Beer Stand RC,525,3824.0,0.0,3824.0,0.0,2023-05-27
Pavillion Bar RC,23,241.43,0.0,241.43,26.57,2023-05-27
Suites RC,4,23.41,0.0,23.41,2.59,2023-05-28
Pavillion Bar RC,102,668.45,0.0,668.45,73.55,2023-05-28
Main Beer Stand RC,569,4138.0,0.0,4138.0,0.0,2023-05-28
White Trailer RC,58,159.88,0.0,159.88,17.12,2023-05-28
Wilcox Ice Cream RC,4,9.04,0.0,9.04,0.96,2023-05-28
Pizza Trailer RC,12,48.72,0.0,48.72,5.28,2023-05-28
Pavillion Bar RC,68,180.22,3.16,183.38,19.28,2023-05-28
Blue Trailer RC,127,280.23,1.13,281.36,30.02,2023-05-28
Main Beer Stand RC,2,0.0,0.0,0.0,0.0,2023-05-28
Main Beer Stand RC,35,400.0,0.0,400.0,0.0,2023-05-28
Pavillion Bar RC,17,174.77,0.0,174.77,19.23,2023-05-28
Suites RC,3,32.43,0.0,32.43,3.57,2023-05-28
Main Beer Stand RC,124,992.0,0.0,992.0,0.0,2023-05-28
Pavillion Bar RC,42,302.82,0.0,302.82,33.18,2023-05-28
Hot Corner RC,130,350.01,5.87,355.88,37.49,2023-05-28
Main Beer Stand RC,13,104.0,0.0,104.0,0.0,2023-05-28
Pavillion Bar RC,3,21.63,0.0,21.63,2.37,2023-05-28
Main Stand RC,521,1351.75,0.0,1351.75,144.75,2023-05-28
Merchandise RC,373,6457.2,39.55,6496.75,159.77,2023-05-28
Dippin Dots RC,258,1606.7,18.82,1625.52,178.3,2023-05-28
White Trailer RC,73,417.75,0.0,417.75,46.25,2023-05-28
Main Beer Stand RC,91,273.0,0.0,273.0,0.0,2023-05-28
Wilcox Ice Cream RC,227,1017.4,10.76,1028.16,111.6,2023-05-28
Blue Trailer RC,190,1241.03,16.64,1257.67,136.47,2023-05-28
Hot Corner RC,346,1901.24,14.97,1916.21,208.13,2023-05-28
Pizza Trailer RC,160,1807.65,0.0,1807.65,198.35,2023-05-28
Main Stand RC,782,3586.24,55.14,3641.38,392.25,2023-05-28
Pavillion Bar RC,15,48.75,0.0,48.75,5.25,2023-05-28
White Trailer RC,125,354.72,1.58,356.3,38.03,2023-06-03
Main Beer Stand RC,71,195.11,0.0,195.11,20.89,2023-06-03
Cabana Bar RC,1,7.21,0.0,7.21,0.79,2023-06-03
Main Stand RC,497,1307.24,4.29,1311.53,141.01,2023-06-03
Right Field RC,99,273.9,4.74,278.64,29.35,2023-06-03
Pavillion Bar RC,27,77.22,0.0,77.22,8.28,2023-06-03
Blue Trailer RC,116,263.78,0.0,263.78,28.22,2023-06-03
Pizza Trailer RC,36,146.16,0.0,146.16,15.84,2023-06-03
Suites RC,8,80.39,0.0,80.39,9.61,2023-06-03
Main Beer Stand RC,42,428.76,0.0,428.76,51.24,2023-06-03
Cabana Bar RC,9,91.11,0.0,91.11,10.89,2023-06-03
Wilcox Ice Cream RC,23,53.33,0.0,53.33,5.67,2023-06-03
Main Beer Stand RC,18,128.7,0.0,128.7,15.3,2023-06-03
Cabana Bar RC,2,14.3,0.0,14.3,1.7,2023-06-03
No Revenue Center,1,9.0,0.0,9.0,0.0,2023-06-03
Main Beer Stand RC,3,0.0,0.0,0.0,0.0,2023-06-03
Pavillion Bar RC,35,364.46,0.0,364.46,43.54,2023-06-03
Hot Corner RC,184,528.27,2.71,530.98,56.73,2023-06-03
Pavillion Bar RC,212,1383.34,0.0,1383.34,164.66,2023-06-03
Pavillion Bar RC,8,27.98,0.0,27.98,3.02,2023-06-03
Blue Trailer RC,342,2282.66,3.14,2285.8,251.34,2023-06-03
Main Stand RC,1097,4935.85,31.66,4967.51,540.27,2023-06-03
Hot Corner RC,492,2671.58,19.82,2691.4,292.42,2023-06-03
Pizza Trailer RC,224,2593.63,0.0,2593.63,284.37,2023-06-03
Wilcox Ice Cream RC,275,1216.79,23.14,1239.93,133.46,2023-06-03
Suites RC,9,59.04,0.0,59.04,6.46,2023-06-03
White Trailer RC,193,1068.37,3.14,1071.51,118.13,2023-06-03
Right Field RC,268,1408.86,11.25,1420.11,154.39,2023-06-03
No Revenue Center,139,1169.57,0.0,1169.57,128.43,2023-06-03
Main Beer Stand RC,40,162.4,0.0,162.4,17.6,2023-06-03
Dippin Dots RC,311,1960.2,0.0,1960.2,216.8,2023-06-03
Main Beer Stand RC,106,757.9,0.0,757.9,90.1,2023-06-03
Cabana Bar RC,110,695.47,0.0,695.47,82.53,2023-06-03
Pavillion Bar RC,47,336.05,0.0,336.05,39.95,2023-06-03
Merchandise RC,564,10430.95,56.0,10486.95,287.96,2023-06-03
Main Beer Stand RC,584,3774.64,0.0,3774.64,449.36,2023-06-03
Suites RC,28,182.3,0.0,182.3,21.7,2023-06-03
Suites RC,2,14.3,0.0,14.3,1.7,2023-06-03
Suites RC,1,7.15,0.0,7.15,0.85,2023-06-03
Main Beer Stand RC,5,0.0,0.0,0.0,0.0,2023-06-04
Wilcox Ice Cream RC,206,903.58,8.07,911.65,98.92,2023-06-04
Blue Trailer RC,286,1877.82,12.56,1890.38,207.18,2023-06-04
Right Field RC,176,996.51,23.75,1020.26,109.36,2023-06-04
Main Beer Stand RC,28,106.48,0.0,106.48,11.52,2023-06-04
Main Stand RC,889,3939.75,31.95,3971.7,431.5,2023-06-04
White Trailer RC,73,213.58,0.0,213.58,22.92,2023-06-04
Main Beer Stand RC,36,150.66,0.0,150.66,16.34,2023-06-04
Pavillion Bar RC,28,84.19,4.29,88.48,9.06,2023-06-04
Pizza Trailer RC,28,113.68,0.0,113.68,12.32,2023-06-04
Right Field RC,52,146.29,2.71,149.0,15.71,2023-06-04
Blue Trailer RC,97,215.41,0.0,215.41,23.09,2023-06-04
Hot Corner RC,142,413.98,3.14,417.12,44.52,2023-06-04
Main Stand RC,463,1230.59,3.16,1233.75,132.91,2023-06-04
Hot Corner RC,397,2096.7,13.63,2110.33,229.42,2023-06-04
Dippin Dots RC,308,1937.26,3.14,1940.4,215.24,2023-06-04
Pavillion Bar RC,26,88.46,0.0,88.46,9.54,2023-06-04
White Trailer RC,141,758.28,12.56,770.84,83.72,2023-06-04
Pavillion Bar RC,27,267.96,0.0,267.96,32.04,2023-06-04
Main Beer Stand RC,39,391.23,0.0,391.23,46.77,2023-06-04
Pavillion Bar RC,30,214.68,0.0,214.68,25.32,2023-06-04
Main Beer Stand RC,56,400.4,0.0,400.4,47.6,2023-06-04
Main Beer Stand RC,13,92.95,0.0,92.95,11.05,2023-06-04
Pavillion Bar RC,6,42.9,0.0,42.9,5.1,2023-06-04
Pavillion Bar RC,145,943.67,0.0,943.67,112.33,2023-06-04
Main Beer Stand RC,503,3297.52,0.0,3297.52,392.48,2023-06-04
Merchandise RC,395,6322.67,145.82,6468.49,177.85,2023-06-04
No Revenue Center,151,1181.79,73.37,1255.16,129.71,2023-06-04
Pizza Trailer RC,208,2348.29,0.0,2348.29,257.71,2023-06-04
Cabana Bar RC,1,7.15,0.0,7.15,0.85,2023-06-06
Cabana Bar RC,195,1276.11,0.0,1276.11,151.89,2023-06-06
Blue Trailer RC,34,59.14,0.0,59.14,6.36,2023-06-06
Right Field RC,24,71.34,0.0,71.34,7.66,2023-06-06
White Trailer RC,14,42.44,0.0,42.44,4.56,2023-06-06
Pizza Trailer RC,2,8.12,0.0,8.12,0.88,2023-06-06
Main Stand RC,3995,1828.25,9.59,1837.84,187.88,2023-06-06
White Trailer RC,39,182.91,8.09,191.0,20.09,2023-06-06
No Revenue Center,22,156.81,20.71,177.52,17.19,2023-06-06
Blue Trailer RC,139,827.08,28.51,855.59,91.17,2023-06-06
Wilcox Ice Cream RC,69,271.71,10.81,282.52,29.79,2023-06-06
Pavillion Bar RC,11,36.09,3.62,39.71,3.91,2023-06-06
Hot Corner RC,93,415.78,4.05,419.83,45.22,2023-06-06
Pizza Trailer RC,44,452.29,0.0,452.29,49.71,2023-06-06
Right Field RC,780,186.38,0.0,186.38,16.37,2023-06-06
Dippin Dots RC,47,292.98,3.14,296.12,32.52,2023-06-06
Main Beer Stand RC,16,51.01,0.0,51.01,5.49,2023-06-06
Hot Corner RC,61,174.71,2.71,177.42,18.79,2023-06-06
Pavillion Bar RC,17,54.17,0.0,54.17,5.83,2023-06-06
Main Stand RC,381,1034.65,1.58,1036.23,111.6,2023-06-06
Suites RC,4,28.6,0.0,28.6,3.4,2023-06-06
Main Beer Stand RC,111,793.65,0.0,793.65,94.35,2023-06-06
Pavillion Bar RC,44,314.78,0.0,314.78,37.22,2023-06-06
Main Beer Stand RC,40,389.42,0.0,389.42,46.58,2023-06-06
Suites RC,12,114.32,0.0,114.32,13.68,2023-06-06
Cabana Bar RC,23,237.61,0.0,237.61,28.39,2023-06-06
Pavillion Bar RC,3,21.43,0.0,21.43,2.57,2023-06-06
Pavillion Bar RC,18,176.85,0.0,176.85,21.15,2023-06-06
Suites RC,33,205.52,0.0,205.52,24.48,2023-06-06
Pavillion Bar RC,225,1465.51,0.0,1465.51,174.49,2023-06-06
Main Beer Stand RC,764,4811.04,0.0,4811.04,572.96,2023-06-06
Merchandise RC,252,5180.93,87.6,5268.53,87.93,2023-06-06
Main Beer Stand RC,8,57.2,0.0,57.2,6.8,2023-06-06
Suites RC,10,2.3,0.0,2.3,0.2,2023-06-06
Main Beer Stand RC,15,58.65,0.0,58.65,6.35,2023-06-06
Pizza Trailer RC,29,248.63,0.0,248.63,27.37,2023-06-07
Main Beer Stand RC,19,132.27,0.0,132.27,15.73,2023-06-07
Pavillion Bar RC,1,5.36,0.0,5.36,0.64,2023-06-07
Main Stand RC,113,270.56,30.06,300.62,29.56,2023-06-07
Main Stand RC,30,67.7,3.16,70.86,7.3,2023-06-07
Hot Corner RC,11,32.96,0.0,32.96,3.54,2023-06-07
Main Beer Stand RC,1,7.21,0.0,7.21,0.79,2023-06-07
Main Beer Stand RC,1,7.15,0.0,7.15,0.85,2023-06-07
Main Beer Stand RC,1,7.15,0.0,7.15,0.85,2023-06-07
Hot Corner RC,27,144.67,0.0,144.67,15.83,2023-06-07
Merchandise RC,46,700.91,37.79,738.7,15.07,2023-06-07
Pavillion Bar RC,1,1.35,1.36,2.71,0.15,2023-06-07
Wilcox Ice Cream RC,12,50.29,6.06,56.35,5.46,2023-06-07
Pavillion Bar RC,4,15.79,0.0,15.79,1.71,2023-06-08
Main Stand RC,134,313.62,6.32,319.94,33.88,2023-06-08
Pavillion Bar RC,1,7.15,0.0,7.15,0.85,2023-06-08
Suites RC,3,21.45,0.0,21.45,2.55,2023-06-08
Cabana Bar RC,2,14.3,0.0,14.3,1.7,2023-06-08
Main Beer Stand RC,2,14.3,0.0,14.3,1.7,2023-06-08
Main Beer Stand RC,11,64.46,0.0,64.46,7.04,2023-06-08
Pizza Trailer RC,1,4.06,0.0,4.06,0.44,2023-06-08
White Trailer RC,34,176.06,6.76,182.82,19.44,2023-06-08
Main Stand RC,288,1236.51,63.82,1300.33,135.11,2023-06-08
Blue Trailer RC,24,37.44,1.36,38.8,4.06,2023-06-08
Hot Corner RC,116,607.08,8.1,615.18,66.42,2023-06-08
No Revenue Center,28,225.28,13.5,238.78,24.72,2023-06-08
Pizza Trailer RC,60,623.54,0.0,623.54,68.46,2023-06-08
Blue Trailer RC,91,594.77,49.54,644.31,65.73,2023-06-08
Wilcox Ice Cream RC,57,238.84,8.52,247.36,26.16,2023-06-08
Pavillion Bar RC,8,24.82,1.36,26.18,2.68,2023-06-08
Main Beer Stand RC,7,27.07,0.0,27.07,2.93,2023-06-08
Dippin Dots RC,64,396.92,6.28,403.2,44.08,2023-06-08
Merchandise RC,80,1400.11,114.31,1514.42,17.49,2023-06-08
Cabana Bar RC,3,30.37,0.0,30.37,3.63,2023-06-08
Main Beer Stand RC,7,69.67,0.0,69.67,8.33,2023-06-08
Suites RC,2,21.44,0.0,21.44,2.56,2023-06-08
Main Beer Stand RC,48,343.2,0.0,343.2,40.8,2023-06-08
Pavillion Bar RC,7,50.05,0.0,50.05,5.95,2023-06-08
Cabana Bar RC,30,198.39,0.0,198.39,23.61,2023-06-08
White Trailer RC,6,16.26,0.0,16.26,1.74,2023-06-08
Right Field RC,11,33.18,1.58,34.76,3.57,2023-06-08
Wilcox Ice Cream RC,2,5.87,0.0,5.87,0.63,2023-06-08
Cabana Bar RC,25,0.0,0.0,0.0,0.0,2023-06-08
Hot Corner RC,25,70.22,1.58,71.8,7.53,2023-06-08
Main Beer Stand RC,15,0.0,0.0,0.0,0.0,2023-06-08
Suites RC,11,75.07,0.0,75.07,8.93,2023-06-08
Pavillion Bar RC,36,244.87,0.0,244.87,29.13,2023-06-08
Main Beer Stand RC,220,1426.22,0.0,1426.22,169.78,2023-06-08
Right Field RC,40,241.07,45.68,286.75,26.42,2023-06-08
Suites RC,60,398.57,0.0,398.57,47.43,2023-06-13
Right Field RC,12,33.42,0.0,33.42,3.58,2023-06-13
Pavillion Bar RC,58,391.43,3.58,395.01,46.57,2023-06-13
Main Beer Stand RC,7,20.77,0.0,20.77,2.23,2023-06-13
Main Stand RC,145,340.06,4.74,344.8,36.69,2023-06-13
Cabana Bar RC,2,14.42,0.0,14.42,1.58,2023-06-13
Suites RC,1,2.26,0.0,2.26,0.24,2023-06-13
Pavillion Bar RC,8,24.83,0.0,24.83,2.67,2023-06-13
Hot Corner RC,36,103.38,3.16,106.54,11.12,2023-06-13
Blue Trailer RC,44,85.78,0.0,85.78,9.22,2023-06-13
White Trailer RC,10,28.9,0.0,28.9,3.1,2023-06-13
Pavillion Bar RC,8,73.23,0.0,73.23,8.77,2023-06-13
Suites RC,10,92.88,0.0,92.88,11.12,2023-06-13
Main Beer Stand RC,293,1905.21,0.0,1905.21,226.79,2023-06-13
Cabana Bar RC,1,10.72,0.0,10.72,1.28,2023-06-13
Pizza Trailer RC,7,28.42,0.0,28.42,3.08,2023-06-13
Blue Trailer RC,123,780.16,14.81,794.97,85.84,2023-06-13
Main Beer Stand RC,4,28.6,0.0,28.6,3.4,2023-06-13
No Revenue Center,45,308.23,52.22,360.45,33.77,2023-06-13
Main Stand RC,368,1552.99,30.15,1583.14,170.01,2023-06-13
Pizza Trailer RC,105,1093.88,0.0,1093.88,120.12,2023-06-13
White Trailer RC,39,182.86,23.38,206.24,20.14,2023-06-13
Main Beer Stand RC,19,185.78,0.0,185.78,22.22,2023-06-13
Right Field RC,39,213.97,26.44,240.41,23.4,2023-06-13
Merchandise RC,152,2112.51,40.54,2153.05,77.17,2023-06-13
Pavillion Bar RC,4,12.63,1.81,14.44,1.37,2023-06-13
Hot Corner RC,132,656.99,20.82,677.81,71.88,2023-06-13
Wilcox Ice Cream RC,113,405.15,20.7,425.85,44.35,2023-06-13
Suites RC,3,16.2,0.0,16.2,1.8,2023-06-13
Dippin Dots RC,70,434.92,6.28,441.2,48.08,2023-06-13
Pavillion Bar RC,8,57.2,0.0,57.2,6.8,2023-06-13
Main Beer Stand RC,30,214.5,0.0,214.5,25.5,2023-06-13
Suites RC,5,35.75,0.0,35.75,4.25,2023-06-13
Main Beer Stand RC,9,33.39,0.0,33.39,3.61,2023-06-13
Cabana Bar RC,20,122.48,0.0,122.48,14.52,2023-06-13
Wilcox Ice Cream RC,3,9.48,0.0,9.48,1.02,2023-06-13
Pavillion Bar RC,4,28.6,0.0,28.6,3.4,2023-06-13
No Revenue Center,94,770.44,27.0,797.44,84.56,2023-06-15
Merchandise RC,362,5277.59,77.12,5354.71,157.05,2023-06-15
Cabana Bar RC,10,94.67,0.0,94.67,11.33,2023-06-15
Suites RC,12,119.69,0.0,119.69,14.31,2023-06-15
Pavillion Bar RC,42,392.96,0.0,392.96,47.04,2023-06-15
Main Beer Stand RC,24,235.8,0.0,235.8,28.2,2023-06-15
Main Stand RC,690,2965.59,86.69,3052.28,324.39,2023-06-15
Dippin Dots RC,253,1575.06,18.84,1593.9,174.94,2023-06-15
Blue Trailer RC,263,1737.15,27.68,1764.83,191.1,2023-06-15
Pavillion Bar RC,18,68.17,0.0,68.17,7.38,2023-06-15
Right Field RC,137,793.92,19.13,813.05,87.08,2023-06-15
Hot Corner RC,265,1376.82,14.63,1391.45,150.68,2023-06-15
Pizza Trailer RC,191,2150.18,0.0,2150.18,235.82,2023-06-15
White Trailer RC,111,551.33,6.28,557.61,60.67,2023-06-15
Wilcox Ice Cream RC,258,1057.49,35.09,1092.58,116.01,2023-06-15
Main Beer Stand RC,546,3488.62,0.0,3488.62,415.38,2023-06-15
Main Beer Stand RC,16,62.26,0.0,62.26,6.74,2023-06-15
Pavillion Bar RC,199,1324.4,0.0,1324.4,157.6,2023-06-15
Cabana Bar RC,2,14.3,0.0,14.3,1.7,2023-06-15
Main Beer Stand RC,9,64.35,0.0,64.35,7.65,2023-06-15
Pavillion Bar RC,7,50.05,0.0,50.05,5.95,2023-06-15
Cabana Bar RC,60,395.47,0.0,395.47,47.03,2023-06-15
Main Beer Stand RC,59,421.85,0.0,421.85,50.15,2023-06-15
Pavillion Bar RC,36,257.52,0.0,257.52,30.48,2023-06-15
Right Field RC,60,173.62,1.58,175.2,18.63,2023-06-15
Pavillion Bar RC,27,84.42,0.0,84.42,9.08,2023-06-15
Blue Trailer RC,118,260.14,0.0,260.14,27.86,2023-06-15
Wilcox Ice Cream RC,6,13.56,0.0,13.56,1.44,2023-06-15
White Trailer RC,46,127.58,1.58,129.16,13.67,2023-06-15
Pizza Trailer RC,18,69.02,4.06,73.08,7.48,2023-06-15
Main Beer Stand RC,27,90.72,0.0,90.72,9.78,2023-06-15
Main Stand RC,368,925.69,4.74,930.43,99.56,2023-06-15
Hot Corner RC,100,289.86,0.0,289.86,31.14,2023-06-15
Suites RC,25,171.59,0.0,171.59,20.41,2023-06-15
Main Beer Stand RC,46,455.53,0.0,455.53,54.47,2023-06-18
Suites RC,1,7.15,0.0,7.15,0.85,2023-06-18
White Trailer RC,110,306.2,0.0,306.2,32.8,2023-06-18
Hot Corner RC,169,490.12,1.58,491.7,52.63,2023-06-18
Pavillion Bar RC,263,1756.94,0.0,1756.94,209.06,2023-06-18
Main Stand RC,474,1278.0,4.29,1282.29,137.75,2023-06-18
Blue Trailer RC,113,242.5,0.0,242.5,26.0,2023-06-18
Main Beer Stand RC,43,126.88,0.0,126.88,13.62,2023-06-18
Pavillion Bar RC,54,162.54,0.0,162.54,17.46,2023-06-18
Pizza Trailer RC,36,146.16,0.0,146.16,15.84,2023-06-18
Right Field RC,49,138.64,0.0,138.64,14.86,2023-06-18
Wilcox Ice Cream RC,9,21.69,0.0,21.69,2.31,2023-06-18
Pavillion Bar RC,42,407.28,0.0,407.28,48.72,2023-06-18
Main Beer Stand RC,47,179.57,0.0,179.57,19.43,2023-06-18
Pavillion Bar RC,31,126.07,0.0,126.07,13.68,2023-06-18
White Trailer RC,229,1117.62,3.14,1120.76,122.88,2023-06-18
Pizza Trailer RC,262,2962.96,21.62,2984.58,325.04,2023-06-18
Wilcox Ice Cream RC,293,1181.77,62.54,1244.31,129.23,2023-06-18
No Revenue Center,153,1239.01,30.61,1269.62,135.99,2023-06-18
Main Stand RC,1050,4520.71,31.44,4552.15,494.65,2023-06-18
Hot Corner RC,522,2773.28,9.11,2782.39,303.59,2023-06-18
Main Beer Stand RC,113,807.95,0.0,807.95,96.05,2023-06-18
Blue Trailer RC,356,2289.11,3.14,2292.25,251.89,2023-06-18
Pavillion Bar RC,33,236.31,0.0,236.31,27.69,2023-06-18
Dippin Dots RC,301,1893.16,3.14,1896.3,210.34,2023-06-18
Main Beer Stand RC,869,5712.15,0.0,5712.15,679.85,2023-06-18
Suites RC,20,116.15,0.0,116.15,13.85,2023-06-18
Pavillion Bar RC,8,57.2,0.0,57.2,6.8,2023-06-18
Main Beer Stand RC,19,135.85,0.0,135.85,16.15,2023-06-18
Merchandise RC,570,9301.66,51.28,9352.94,294.15,2023-06-18
Right Field RC,242,1318.97,52.43,1371.4,144.52,2023-06-18
Suites RC,2,21.44,0.0,21.44,2.56,2023-06-18
Wilcox Ice Cream RC,282,1174.93,14.61,1189.54,128.82,2023-06-23
Hot Corner RC,329,1844.02,4.06,1848.08,201.98,2023-06-23
Blue Trailer RC,202,1211.69,39.96,1251.65,133.31,2023-06-23
White Trailer RC,71,372.88,0.0,372.88,41.12,2023-06-23
Pizza Trailer RC,166,1800.41,0.0,1800.41,197.59,2023-06-23
Pavillion Bar RC,14,53.73,0.0,53.73,5.82,2023-06-23
No Revenue Center,101,813.7,27.0,840.7,89.3,2023-06-23
Main Beer Stand RC,18,67.68,0.0,67.68,7.32,2023-06-23
Dippin Dots RC,284,1786.08,3.14,1789.22,198.42,2023-06-23
Suites RC,2,7.22,0.0,7.22,0.78,2023-06-23
Right Field RC,74,422.5,19.69,442.19,46.37,2023-06-23
Main Stand RC,767,3461.03,29.26,3490.29,378.95,2023-06-23
Suites RC,30,294.75,0.0,294.75,35.25,2023-06-23
Cabana Bar RC,18,180.43,0.0,180.43,21.57,2023-06-23
Pavillion Bar RC,24,228.64,0.0,228.64,27.36,2023-06-23
Main Beer Stand RC,30,284.01,0.0,284.01,33.99,2023-06-23
Pizza Trailer RC,15,58.87,2.03,60.9,6.38,2023-06-23
Blue Trailer RC,119,248.41,1.36,249.77,26.59,2023-06-23
Wilcox Ice Cream RC,21,47.68,1.13,48.81,5.07,2023-06-23
Right Field RC,44,114.74,0.0,114.74,12.26,2023-06-23
Hot Corner RC,140,393.72,0.0,393.72,42.28,2023-06-23
Pavillion Bar RC,24,63.68,3.61,67.29,6.82,2023-06-23
Main Beer Stand RC,43,206.08,0.0,206.08,22.42,2023-06-23
Main Stand RC,519,1344.75,1.58,1346.33,145.0,2023-06-23
White Trailer RC,77,206.42,0.0,206.42,22.08,2023-06-23
Pavillion Bar RC,10,45.9,0.0,45.9,4.1,2023-06-23
Main Beer Stand RC,77,550.55,0.0,550.55,65.45,2023-06-23
Suites RC,10,71.68,0.0,71.68,8.32,2023-06-23
Pavillion Bar RC,39,278.97,0.0,278.97,33.03,2023-06-23
Suites RC,92,587.99,0.0,587.99,70.01,2023-06-23
Pavillion Bar RC,165,1100.97,0.0,1100.97,131.03,2023-06-23
Main Beer Stand RC,555,3628.15,0.0,3628.15,431.85,2023-06-23
Merchandise RC,350,5864.58,31.6,5896.18,158.75,2023-06-23
Suites RC,2,14.3,0.0,14.3,1.7,2023-06-23
Main Beer Stand RC,8,57.2,0.0,57.2,6.8,2023-06-23
Cabana Bar RC,3,21.45,0.0,21.45,2.55,2023-06-23
Pavillion Bar RC,4,28.6,0.0,28.6,3.4,2023-06-23
Cabana Bar RC,143,923.65,0.0,923.65,109.85,2023-06-23
Pavillion Bar RC,58,151.75,8.13,159.88,16.25,2023-06-25
Main Stand RC,511,1286.44,7.9,1294.34,138.81,2023-06-25
Right Field RC,31,79.96,0.0,79.96,8.54,2023-06-25
Main Beer Stand RC,86,303.26,0.0,303.26,32.74,2023-06-25
Blue Trailer RC,126,261.94,0.0,261.94,28.06,2023-06-25
White Trailer RC,55,152.64,2.26,154.9,16.36,2023-06-25
Hot Corner RC,85,234.06,1.13,235.19,25.19,2023-06-25
Pizza Trailer RC,12,46.69,2.03,48.72,5.06,2023-06-25
Wilcox Ice Cream RC,12,30.26,2.26,32.52,3.24,2023-06-25
Pavillion Bar RC,39,278.85,0.0,278.85,33.15,2023-06-25
Main Beer Stand RC,94,672.1,0.0,672.1,79.9,2023-06-25
Suites RC,18,121.55,7.15,128.7,14.45,2023-06-25
Main Beer Stand RC,78,760.98,0.0,760.98,91.02,2023-06-25
Suites RC,29,294.77,0.0,294.77,35.23,2023-06-25
Pavillion Bar RC,27,253.64,0.0,253.64,30.36,2023-06-25
Pavillion Bar RC,10,45.9,0.0,45.9,4.1,2023-06-25
Suites RC,37,217.13,16.08,233.21,25.87,2023-06-25
Pavillion Bar RC,139,912.39,0.0,912.39,108.61,2023-06-25
Main Stand RC,670,2908.03,38.97,2947.0,318.21,2023-06-25
Merchandise RC,290,5024.63,89.34,5113.97,132.17,2023-06-25
Main Beer Stand RC,18,128.7,0.0,128.7,15.3,2023-06-25
Pavillion Bar RC,2,14.3,0.0,14.3,1.7,2023-06-25
Pavillion Bar RC,10,28.43,7.67,36.1,3.07,2023-06-25
Main Beer Stand RC,649,4160.63,0.0,4160.63,495.37,2023-06-25
Pizza Trailer RC,194,2175.35,0.0,2175.35,238.65,2023-06-25
Hot Corner RC,299,1570.88,29.03,1599.91,171.87,2023-06-25
Right Field RC,76,389.41,21.93,411.34,42.71,2023-06-25
No Revenue Center,146,1092.2,61.2,1153.4,119.8,2023-06-25
White Trailer RC,91,481.83,6.28,488.11,53.17,2023-06-25
Blue Trailer RC,232,1408.45,28.09,1436.54,154.8,2023-06-25
Wilcox Ice Cream RC,231,958.33,37.11,995.44,104.92,2023-06-25
Dippin Dots RC,220,1377.02,9.42,1386.44,152.48,2023-06-25
Main Beer Stand RC,41,158.81,0.0,158.81,17.19,2023-06-25
Main Stand RC,4184,2107.65,3.39,2111.04,220.35,2023-06-27
Dippin Dots RC,238,1493.14,6.28,1499.42,165.86,2023-06-27
Hot Corner RC,172,863.31,17.22,880.53,94.06,2023-06-27
Pavillion Bar RC,2,9.18,0.0,9.18,0.82,2023-06-27
Main Beer Stand RC,25,95.65,0.0,95.65,10.35,2023-06-27
Cabana Bar RC,327,2136.04,0.0,2136.04,253.96,2023-06-27
Main Beer Stand RC,112,800.8,0.0,800.8,95.2,2023-06-27
Pavillion Bar RC,82,586.48,0.0,586.48,69.52,2023-06-27
Suites RC,5,35.87,0.0,35.87,4.13,2023-06-27
Suites RC,130,847.16,0.0,847.16,100.84,2023-06-27
Main Beer Stand RC,809,5170.38,0.0,5170.38,615.62,2023-06-27
Pavillion Bar RC,432,2839.94,0.0,2839.94,338.06,2023-06-27
Pavillion Bar RC,43,416.21,0.0,416.21,49.79,2023-06-27
Wilcox Ice Cream RC,221,881.97,25.65,907.62,96.53,2023-06-27
Cabana Bar RC,28,278.68,0.0,278.68,33.32,2023-06-27
Suites RC,37,330.41,0.0,330.41,39.59,2023-06-27
Main Beer Stand RC,21,150.15,0.0,150.15,17.85,2023-06-27
Cabana Bar RC,5,35.75,0.0,35.75,4.25,2023-06-27
Suites RC,4,28.6,0.0,28.6,3.4,2023-06-27
Pavillion Bar RC,1,7.15,0.0,7.15,0.85,2023-06-27
Right Field RC,66,174.36,0.0,174.36,18.64,2023-06-27
Main Beer Stand RC,32,307.24,0.0,307.24,36.76,2023-06-27
Pizza Trailer RC,4,14.21,2.03,16.24,1.54,2023-06-27
Wilcox Ice Cream RC,12,25.99,1.13,27.12,2.76,2023-06-27
Pizza Trailer RC,75,805.54,0.0,805.54,88.46,2023-06-27
Blue Trailer RC,229,1352.26,12.56,1364.82,149.24,2023-06-27
No Revenue Center,42,324.42,16.2,340.62,35.58,2023-06-27
Pavillion Bar RC,16,54.6,1.36,55.96,5.9,2023-06-27
Suites RC,22,50.96,0.0,50.96,5.54,2023-06-27
White Trailer RC,66,356.62,0.0,356.62,39.38,2023-06-27
Merchandise RC,305,4675.3,8.0,4683.3,142.42,2023-06-27
Right Field RC,1370,342.38,0.0,342.38,30.37,2023-06-27
Main Stand RC,525,1409.82,1.58,1411.4,151.93,2023-06-27
Main Beer Stand RC,27,95.67,0.0,95.67,10.33,2023-06-27
Hot Corner RC,97,281.26,0.0,281.26,30.24,2023-06-27
Cabana Bar RC,1,7.21,0.0,7.21,0.79,2023-06-27
Suites RC,2,6.32,0.0,6.32,0.68,2023-06-27
White Trailer RC,48,140.8,0.0,140.8,15.2,2023-06-27
Pavillion Bar RC,32,84.01,3.16,87.17,8.99,2023-06-27
Blue Trailer RC,89,175.16,0.0,175.16,18.84,2023-06-27
Blue Trailer RC,66,124.4,2.49,126.89,13.35,2023-06-29
Suites RC,40,272.17,0.0,272.17,29.83,2023-06-29
Main Beer Stand RC,18,68.58,0.0,68.58,7.42,2023-06-29
No Revenue Center,108,871.81,37.35,909.16,95.69,2023-06-29
Hot Corner RC,243,1277.06,9.23,1286.29,139.69,2023-06-29
Wilcox Ice Cream RC,224,916.98,33.02,950.0,100.29,2023-06-29
Main Stand RC,506,2249.32,38.04,2287.36,246.42,2023-06-29
Suites RC,2,14.42,0.0,14.42,1.58,2023-06-29
Wilcox Ice Cream RC,6,13.78,1.13,14.91,1.47,2023-06-29
Blue Trailer RC,173,1091.79,38.65,1130.44,120.21,2023-06-29
Right Field RC,96,558.59,17.44,576.03,61.28,2023-06-29
White Trailer RC,51,257.17,3.14,260.31,28.33,2023-06-29
Suites RC,81,533.49,0.0,533.49,63.51,2023-06-29
Dippin Dots RC,201,1247.68,18.84,1266.52,138.32,2023-06-29
Pavillion Bar RC,13,49.22,0.0,49.22,5.33,2023-06-29
Pavillion Bar RC,3,21.45,0.0,21.45,2.55,2023-06-29
Suites RC,9,64.35,0.0,64.35,7.65,2023-06-29
Main Beer Stand RC,9,64.35,0.0,64.35,7.65,2023-06-29
Cabana Bar RC,7,50.05,0.0,50.05,5.95,2023-06-29
Main Beer Stand RC,467,2997.16,0.0,2997.16,356.84,2023-06-29
Pavillion Bar RC,155,1021.41,0.0,1021.41,121.59,2023-06-29
White Trailer RC,50,130.1,0.0,130.1,13.9,2023-06-29
Pavillion Bar RC,18,82.62,0.0,82.62,7.38,2023-06-29
Pavillion Bar RC,30,80.61,4.29,84.9,8.64,2023-06-29
Pizza Trailer RC,162,1768.01,0.0,1768.01,193.99,2023-06-29
Main Stand RC,283,719.68,3.84,723.52,77.57,2023-06-29
Right Field RC,37,106.34,1.58,107.92,11.41,2023-06-29
Cabana Bar RC,131,810.3,0.0,810.3,96.2,2023-06-29
Main Beer Stand RC,58,414.7,0.0,414.7,49.3,2023-06-29
Pavillion Bar RC,28,200.26,0.0,200.26,23.74,2023-06-29
Merchandise RC,257,4117.5,3.0,4120.5,130.53,2023-06-29
Suites RC,9,64.41,0.0,64.41,7.59,2023-06-29
Main Beer Stand RC,31,301.89,0.0,301.89,36.11,2023-06-29
Pavillion Bar RC,26,255.45,0.0,255.45,30.55,2023-06-29
Cabana Bar RC,14,146.5,0.0,146.5,17.5,2023-06-29
Main Beer Stand RC,27,95.67,0.0,95.67,10.33,2023-06-29
Hot Corner RC,97,275.55,1.13,276.68,29.7,2023-06-29
Pizza Trailer RC,8,32.48,0.0,32.48,3.52,2023-06-29
Suites RC,7,67.88,0.0,67.88,8.12,2023-06-29
Pavillion Bar RC,26,186.14,0.0,186.14,21.86,2023-07-05
Suites RC,6,41.11,0.0,41.11,4.89,2023-07-05
Pavillion Bar RC,129,876.68,0.0,876.68,104.32,2023-07-05
Pavillion Bar RC,7,26.17,0.0,26.17,2.83,2023-07-05
Dippin Dots RC,251,1565.62,15.7,1581.32,173.88,2023-07-05
Cabana Bar RC,41,263.2,0.0,263.2,31.3,2023-07-05
Main Beer Stand RC,441,2838.11,0.0,2838.11,337.89,2023-07-05
Main Beer Stand RC,64,457.6,0.0,457.6,54.4,2023-07-05
Cabana Bar RC,7,0.0,0.0,0.0,0.0,2023-07-05
Main Beer Stand RC,75,0.0,0.0,0.0,0.0,2023-07-05
Pavillion Bar RC,12,119.69,0.0,119.69,14.31,2023-07-05
Pavillion Bar RC,5,35.75,0.0,35.75,4.25,2023-07-05
Main Beer Stand RC,1,7.15,0.0,7.15,0.85,2023-07-05
Main Beer Stand RC,21,78.51,0.0,78.51,8.49,2023-07-05
Pavillion Bar RC,6,27.54,0.0,27.54,2.46,2023-07-05
Pizza Trailer RC,168,1869.03,0.0,1869.03,204.97,2023-07-05
White Trailer RC,67,370.54,3.14,373.68,40.96,2023-07-05
Suites RC,6,55.37,0.0,55.37,6.63,2023-07-05
Cabana Bar RC,14,144.71,0.0,144.71,17.29,2023-07-05
Wilcox Ice Cream RC,249,963.66,51.25,1014.91,105.34,2023-07-05
Main Beer Stand RC,39,369.75,0.0,369.75,44.25,2023-07-05
Merchandise RC,320,4887.8,28.39,4916.19,130.3,2023-07-05
Main Stand RC,448,1120.6,3.16,1123.76,120.4,2023-07-05
Hot Corner RC,87,237.06,5.42,242.48,25.44,2023-07-05
Main Beer Stand RC,63,172.08,0.0,172.08,18.42,2023-07-05
Pavillion Bar RC,33,82.45,1.58,84.03,8.8,2023-07-05
Right Field RC,32,85.82,0.0,85.82,9.18,2023-07-05
Pizza Trailer RC,12,48.72,0.0,48.72,5.28,2023-07-05
Blue Trailer RC,158,1068.02,6.28,1074.3,117.48,2023-07-05
White Trailer RC,62,165.32,0.0,165.32,17.68,2023-07-05
Main Stand RC,690,2512.45,39.19,2551.64,275.04,2023-07-05
Hot Corner RC,266,1121.79,15.19,1136.98,122.83,2023-07-05
Right Field RC,98,450.34,10.35,460.69,49.4,2023-07-05
No Revenue Center,104,814.63,60.31,874.94,89.37,2023-07-05
Blue Trailer RC,145,298.1,0.0,298.1,31.9,2023-07-05
Wilcox Ice Cream RC,31,70.28,1.13,71.41,7.47,2023-07-05
Cabana Bar RC,1,7.21,0.0,7.21,0.79,2023-07-05
Suites RC,7,50.41,0.0,50.41,5.59,2023-07-06
Pavillion Bar RC,24,60.08,3.16,63.24,6.42,2023-07-06
Pizza Trailer RC,3,12.18,0.0,12.18,1.32,2023-07-06
Wilcox Ice Cream RC,18,44.95,1.13,46.08,4.8,2023-07-06
Main Beer Stand RC,48,343.2,0.0,343.2,40.8,2023-07-06
Cabana Bar RC,50,305.24,0.0,305.24,36.26,2023-07-06
Pavillion Bar RC,8,57.32,0.0,57.32,6.68,2023-07-06
Blue Trailer RC,103,226.72,0.0,226.72,24.28,2023-07-06
Main Beer Stand RC,514,3284.88,0.0,3284.88,391.12,2023-07-06
Suites RC,88,548.65,0.0,548.65,65.35,2023-07-06
Main Beer Stand RC,45,460.92,0.0,460.92,55.08,2023-07-06
Pavillion Bar RC,11,107.18,0.0,107.18,12.82,2023-07-06
Cabana Bar RC,14,141.13,0.0,141.13,16.87,2023-07-06
Suites RC,2,19.65,0.0,19.65,2.35,2023-07-06
Pavillion Bar RC,48,309.19,0.0,309.19,36.81,2023-07-06
White Trailer RC,43,113.37,2.71,116.08,12.13,2023-07-06
Merchandise RC,241,3740.78,34.59,3775.37,102.77,2023-07-06
Hot Corner RC,54,151.94,1.58,153.52,16.31,2023-07-06
Cabana Bar RC,1,7.15,0.0,7.15,0.85,2023-07-06
Main Beer Stand RC,3,21.45,0.0,21.45,2.55,2023-07-06
Suites RC,2,14.42,0.0,14.42,1.58,2023-07-06
Pavillion Bar RC,2,9.18,0.0,9.18,0.82,2023-07-06
Wilcox Ice Cream RC,250,1029.17,68.28,1097.45,112.83,2023-07-06
Hot Corner RC,169,952.45,9.45,961.9,104.3,2023-07-06
Taco Barn RC,87,706.45,45.0,751.45,77.55,2023-07-06
Main Stand RC,533,2394.91,22.65,2417.56,262.46,2023-07-06
Pavillion Bar RC,8,27.07,3.61,30.68,2.93,2023-07-06
Pizza Trailer RC,110,1225.52,0.0,1225.52,134.48,2023-07-06
Blue Trailer RC,123,785.6,16.62,802.22,86.4,2023-07-06
Right Field RC,61,368.62,24.97,393.59,40.38,2023-07-06
Dippin Dots RC,154,954.62,15.7,970.32,105.88,2023-07-06
Main Beer Stand RC,8,29.78,0.0,29.78,3.22,2023-07-06
White Trailer RC,71,386.77,9.42,396.19,42.73,2023-07-06
Right Field RC,34,86.96,1.58,88.54,9.29,2023-07-06
Main Stand RC,448,1139.39,5.87,1145.26,123.11,2023-07-06
Main Beer Stand RC,62,169.82,0.0,169.82,18.18,2023-07-06
Cabana Bar RC,5,36.05,0.0,36.05,3.95,2023-07-08
Blue Trailer RC,154,314.54,3.85,318.39,33.71,2023-07-08
White Trailer RC,97,258.78,0.0,258.78,27.72,2023-07-08
Right Field RC,56,144.1,3.16,147.26,15.4,2023-07-08
Main Stand RC,544,1404.29,4.74,1409.03,151.46,2023-07-08
Wilcox Ice Cream RC,17,43.13,3.39,46.52,4.62,2023-07-08
Pavillion Bar RC,63,174.08,7.45,181.53,18.67,2023-07-08
Hot Corner RC,149,400.9,8.58,409.48,43.1,2023-07-08
Pizza Trailer RC,20,81.2,0.0,81.2,8.8,2023-07-08
Pavillion Bar RC,17,121.67,0.0,121.67,14.33,2023-07-08
Pavillion Bar RC,1,7.15,0.0,7.15,0.85,2023-07-08
Main Beer Stand RC,62,443.3,0.0,443.3,52.7,2023-07-08
Suites RC,4,28.6,0.0,28.6,3.4,2023-07-08
Cabana Bar RC,18,182.22,0.0,182.22,21.78,2023-07-08
Suites RC,24,237.59,0.0,237.59,28.41,2023-07-08
Cabana Bar RC,1,7.15,0.0,7.15,0.85,2023-07-08
Main Beer Stand RC,10,71.5,0.0,71.5,8.5,2023-07-08
Pavillion Bar RC,32,321.56,0.0,321.56,38.44,2023-07-08
Main Beer Stand RC,52,537.75,0.0,537.75,64.25,2023-07-08
Main Beer Stand RC,80,235.25,0.0,235.25,25.25,2023-07-08
Cabana Bar RC,81,485.63,0.0,485.63,57.37,2023-07-08
Pizza Trailer RC,173,1957.33,0.0,1957.33,214.67,2023-07-08
Pavillion Bar RC,8,36.72,0.0,36.72,3.28,2023-07-08
Main Stand RC,618,2771.05,19.47,2790.52,303.57,2023-07-08
Main Beer Stand RC,13,49.63,0.0,49.63,5.37,2023-07-08
Taco Barn RC,127,1015.55,58.5,1074.05,111.45,2023-07-08
Blue Trailer RC,168,1076.57,20.67,1097.24,118.43,2023-07-08
Wilcox Ice Cream RC,238,944.7,71.78,1016.48,103.55,2023-07-08
Hot Corner RC,264,1450.77,46.25,1497.02,158.85,2023-07-08
Right Field RC,86,505.01,10.69,515.7,55.36,2023-07-08
Pavillion Bar RC,10,35.64,1.36,37.0,3.86,2023-07-08
White Trailer RC,80,455.13,3.14,458.27,50.37,2023-07-08
Suites RC,2,12.62,0.0,12.62,1.38,2023-07-08
Main Beer Stand RC,534,3451.15,0.0,3451.15,410.85,2023-07-08
Suites RC,77,514.73,0.0,514.73,61.27,2023-07-08
Pavillion Bar RC,116,763.15,0.0,763.15,90.85,2023-07-08
Dippin Dots RC,273,1695.3,25.16,1720.46,187.7,2023-07-08
Merchandise RC,354,5390.44,14.1,5404.54,137.59,2023-07-08
Blue Trailer RC,61,402.3,0.0,402.3,44.2,2023-07-09
Hot Corner RC,94,494.41,7.65,502.06,54.09,2023-07-09
Main Beer Stand RC,10,36.1,0.0,36.1,3.9,2023-07-09
Pavillion Bar RC,9,29.78,1.81,31.59,3.22,2023-07-09
Taco Barn RC,51,406.41,22.5,428.91,44.59,2023-07-09
White Trailer RC,48,238.28,9.42,247.7,26.22,2023-07-09
Dippin Dots RC,61,378.18,6.28,384.46,41.82,2023-07-09
Right Field RC,63,311.03,1.69,312.72,34.09,2023-07-09
Main Stand RC,355,1516.92,43.76,1560.68,165.95,2023-07-09
Pizza Trailer RC,108,1176.85,0.0,1176.85,129.15,2023-07-09
Merchandise RC,158,2487.15,96.17,2583.32,74.8,2023-07-09
Pavillion Bar RC,9,64.41,0.0,64.41,7.59,2023-07-09
Main Beer Stand RC,19,135.85,0.0,135.85,16.15,2023-07-09
Wilcox Ice Cream RC,141,598.32,41.6,639.92,65.43,2023-07-09
Right Field RC,31,89.86,0.0,89.86,9.64,2023-07-09
Main Beer Stand RC,232,1554.98,0.0,1554.98,185.02,2023-07-09
Main Stand RC,214,556.51,1.58,558.09,60.24,2023-07-09
Suites RC,3,21.45,0.0,21.45,2.55,2023-07-09
Main Beer Stand RC,8,57.2,0.0,57.2,6.8,2023-07-09
Suites RC,12,110.74,0.0,110.74,13.26,2023-07-09
Pavillion Bar RC,12,114.32,0.0,114.32,13.68,2023-07-09
Main Beer Stand RC,15,142.9,0.0,142.9,17.1,2023-07-09
Hot Corner RC,40,115.58,0.0,115.58,12.42,2023-07-09
Suites RC,10,67.02,0.0,67.02,7.98,2023-07-09
Suites RC,3,21.45,0.0,21.45,2.55,2023-07-09
White Trailer RC,25,68.14,0.0,68.14,7.36,2023-07-09
Pizza Trailer RC,7,28.42,0.0,28.42,3.08,2023-07-09
Blue Trailer RC,59,128.68,0.0,128.68,13.82,2023-07-09
Wilcox Ice Cream RC,7,14.69,1.13,15.82,1.56,2023-07-09
Pavillion Bar RC,17,45.61,3.16,48.77,4.89,2023-07-09
Main Beer Stand RC,20,50.15,0.0,50.15,5.35,2023-07-09
Pavillion Bar RC,47,324.41,0.0,324.41,38.59,2023-07-09
Pavillion Bar RC,2,9.18,0.0,9.18,0.82,2023-07-09
Main Beer Stand RC,12,85.8,0.0,85.8,10.2,2023-07-14
Wilcox Ice Cream RC,9,21.69,0.0,21.69,2.31,2023-07-14
Suites RC,2,14.42,0.0,14.42,1.58,2023-07-14
Hot Corner RC,81,231.62,0.0,231.62,24.88,2023-07-14
Pizza Trailer RC,8,24.36,8.12,32.48,2.64,2023-07-14
Blue Trailer RC,68,133.19,0.0,133.19,14.31,2023-07-14
Main Beer Stand RC,18,70.38,0.0,70.38,7.62,2023-07-14
Cabana Bar RC,2,14.42,0.0,14.42,1.58,2023-07-14
Pavillion Bar RC,27,79.02,0.0,79.02,8.48,2023-07-14
Main Stand RC,486,2214.93,35.55,2250.48,242.56,2023-07-14
Right Field RC,24,61.66,1.58,63.24,6.59,2023-07-14
White Trailer RC,27,76.3,0.0,76.3,8.2,2023-07-14
Pavillion Bar RC,23,234.03,0.0,234.03,27.97,2023-07-14
Cabana Bar RC,19,194.73,0.0,194.73,23.27,2023-07-14
Suites RC,6,60.74,0.0,60.74,7.26,2023-07-14
Main Beer Stand RC,30,301.91,0.0,301.91,36.09,2023-07-14
Merchandise RC,272,4918.89,21.84,4940.73,98.59,2023-07-14
Main Stand RC,342,876.69,4.74,881.43,94.56,2023-07-14
Taco Barn RC,102,798.42,64.8,863.22,87.58,2023-07-14
Suites RC,3,16.21,12.64,28.85,1.79,2023-07-14
Pavillion Bar RC,1,7.15,0.0,7.15,0.85,2023-07-14
Cabana Bar RC,4,28.6,0.0,28.6,3.4,2023-07-14
Pavillion Bar RC,5,22.95,0.0,22.95,2.05,2023-07-14
Main Beer Stand RC,387,2500.34,0.0,2500.34,297.66,2023-07-14
Suites RC,32,207.29,0.0,207.29,24.71,2023-07-14
Pavillion Bar RC,125,808.72,0.0,808.72,96.28,2023-07-14
Pavillion Bar RC,18,128.7,0.0,128.7,15.3,2023-07-14
Hot Corner RC,265,1447.21,31.62,1478.83,158.41,2023-07-14
Main Beer Stand RC,42,300.3,0.0,300.3,35.7,2023-07-14
Dippin Dots RC,161,960.96,53.42,1014.38,106.54,2023-07-14
Main Beer Stand RC,20,75.8,0.0,75.8,8.2,2023-07-14
Pavillion Bar RC,11,38.81,0.0,38.81,4.19,2023-07-14
Wilcox Ice Cream RC,190,854.81,16.59,871.4,93.69,2023-07-14
Blue Trailer RC,155,1036.3,19.09,1055.39,113.95,2023-07-14
Right Field RC,60,336.16,15.31,351.47,36.84,2023-07-14
Pizza Trailer RC,134,1447.21,0.0,1447.21,158.79,2023-07-14
White Trailer RC,60,312.52,12.56,325.08,34.48,2023-07-14
Cabana Bar RC,68,445.51,0.0,445.51,52.99,2023-07-14
Suites RC,5,35.87,0.0,35.87,4.13,2023-07-14
Dippin Dots RC,484,3039.93,9.42,3049.35,337.57,2023-07-15
Pavillion Bar RC,138,388.23,0.0,388.23,41.77,2023-07-15
Right Field RC,178,497.68,0.0,497.68,53.32,2023-07-15
Pavillion Bar RC,386,2500.29,0.0,2500.29,297.71,2023-07-15
Suites RC,123,825.75,0.0,825.75,98.25,2023-07-15
Main Beer Stand RC,727,4661.05,0.0,4661.05,554.95,2023-07-15
Pavillion Bar RC,20,91.8,0.0,91.8,8.2,2023-07-15
Pizza Trailer RC,232,2656.62,0.0,2656.62,291.38,2023-07-15
White Trailer RC,181,940.76,3.14,943.9,103.74,2023-07-15
Wilcox Ice Cream RC,346,1609.48,16.39,1625.87,176.77,2023-07-15
Taco Barn RC,180,1453.45,30.6,1484.05,159.55,2023-07-15
Merchandise RC,655,10322.38,78.22,10400.6,314.49,2023-07-15
Main Beer Stand RC,31,118.21,0.0,118.21,12.79,2023-07-15
Right Field RC,285,1646.95,17.91,1664.86,180.67,2023-07-15
Main Stand RC,1067,4781.66,40.86,4822.52,523.96,2023-07-15
Pavillion Bar RC,20,66.8,0.0,66.8,7.2,2023-07-15
Main Stand RC,775,2026.2,6.3,2032.5,219.3,2023-07-15
Blue Trailer RC,318,2213.06,20.68,2233.74,243.44,2023-07-15
Blue Trailer RC,184,415.6,0.0,415.6,44.4,2023-07-15
Hot Corner RC,333,912.66,3.66,916.32,97.79,2023-07-15
Suites RC,3,21.45,0.0,21.45,2.55,2023-07-15
Main Beer Stand RC,16,114.4,0.0,114.4,13.6,2023-07-15
Cabana Bar RC,1,7.15,0.0,7.15,0.85,2023-07-15
Pavillion Bar RC,25,178.75,0.0,178.75,21.25,2023-07-15
Suites RC,23,223.29,0.0,223.29,26.71,2023-07-15
Cabana Bar RC,39,400.18,0.0,400.18,47.82,2023-07-15
Pavillion Bar RC,75,743.14,0.0,743.14,88.86,2023-07-15
Main Beer Stand RC,73,736.02,0.0,736.02,87.98,2023-07-15
Suites RC,4,28.6,0.0,28.6,3.4,2023-07-15
Main Beer Stand RC,126,900.9,0.0,900.9,107.1,2023-07-15
Cabana Bar RC,215,1350.3,0.0,1350.3,160.2,2023-07-15
Pavillion Bar RC,56,400.94,0.0,400.94,47.06,2023-07-15
Wilcox Ice Cream RC,33,77.23,0.0,77.23,8.27,2023-07-15
Pizza Trailer RC,32,129.92,0.0,129.92,14.08,2023-07-15
Cabana Bar RC,2,14.42,0.0,14.42,1.58,2023-07-15
Main Beer Stand RC,114,287.34,0.0,287.34,30.66,2023-07-15
White Trailer RC,198,542.2,1.58,543.78,58.05,2023-07-15
Hot Corner RC,563,3071.76,25.72,3097.48,336.4,2023-07-15
Pavillion Bar RC,2,9.18,0.0,9.18,0.82,2023-07-16
White Trailer RC,24,129.23,3.14,132.37,14.27,2023-07-16
Main Beer Stand RC,24,92.03,1.81,93.84,9.97,2023-07-16
Pavillion Bar RC,19,58.65,6.34,64.99,6.35,2023-07-16
Blue Trailer RC,84,522.84,6.08,528.92,57.41,2023-07-16
Taco Barn RC,43,316.33,42.3,358.63,34.67,2023-07-16
Main Stand RC,225,925.55,29.13,954.68,101.32,2023-07-16
Pizza Trailer RC,94,1057.97,0.0,1057.97,116.03,2023-07-16
Wilcox Ice Cream RC,88,349.73,26.96,376.69,38.27,2023-07-16
Hot Corner RC,110,601.08,29.37,630.45,65.79,2023-07-16
Dippin Dots RC,45,280.4,3.14,283.54,31.1,2023-07-16
Main Beer Stand RC,259,1672.85,0.0,1672.85,199.15,2023-07-16
Suites RC,15,87.56,0.0,87.56,10.44,2023-07-16
Pavillion Bar RC,72,484.36,0.0,484.36,57.64,2023-07-16
Pavillion Bar RC,2,14.3,0.0,14.3,1.7,2023-07-16
Right Field RC,40,227.12,14.19,241.31,24.87,2023-07-16
Merchandise RC,220,3809.46,63.29,3872.75,61.64,2023-07-16
White Trailer RC,11,32.06,0.0,32.06,3.44,2023-07-16
Main Beer Stand RC,22,69.52,0.0,69.52,7.48,2023-07-16
Pavillion Bar RC,15,43.12,1.58,44.7,4.63,2023-07-16
Main Stand RC,151,393.14,2.71,395.85,42.36,2023-07-16
Hot Corner RC,24,66.83,2.71,69.54,7.17,2023-07-16
Right Field RC,18,50.58,0.0,50.58,5.42,2023-07-16
Main Beer Stand RC,12,85.8,0.0,85.8,10.2,2023-07-16
Blue Trailer RC,52,96.62,0.0,96.62,10.38,2023-07-16
Pavillion Bar RC,11,110.76,0.0,110.76,13.24,2023-07-16
Main Beer Stand RC,16,164.36,0.0,164.36,19.64,2023-07-16
Pavillion Bar RC,8,57.5,0.0,57.5,6.5,2023-07-16
Main Beer Stand RC,44,314.6,0.0,314.6,37.4,2023-07-16
Suites RC,4,28.6,0.0,28.6,3.4,2023-07-16
Main Beer Stand RC,87,622.05,0.0,622.05,73.95,2023-07-18
Pavillion Bar RC,62,443.36,0.0,443.36,52.64,2023-07-18
Cabana Bar RC,381,2388.37,0.0,2388.37,284.13,2023-07-18
Suites RC,1,7.15,0.0,7.15,0.85,2023-07-18
Pavillion Bar RC,48,459.07,0.0,459.07,54.93,2023-07-18
White Trailer RC,68,192.38,0.0,192.38,20.62,2023-07-18
Wilcox Ice Cream RC,19,46.99,0.0,46.99,5.01,2023-07-18
Pizza Trailer RC,19,75.11,2.03,77.14,8.14,2023-07-18
Main Beer Stand RC,37,143.02,0.0,143.02,15.48,2023-07-18
Cabana Bar RC,3,21.63,0.0,21.63,2.37,2023-07-18
Blue Trailer RC,113,252.94,0.0,252.94,27.06,2023-07-18
Pavillion Bar RC,24,72.24,0.0,72.24,7.76,2023-07-18
Suites RC,5,36.05,0.0,36.05,3.95,2023-07-18
Merchandise RC,414,7350.33,44.4,7394.73,157.95,2023-07-18
Suites RC,31,192.11,0.0,192.11,22.89,2023-07-18
Pavillion Bar RC,468,3035.61,0.0,3035.61,361.39,2023-07-18
Main Beer Stand RC,929,5863.7,0.0,5863.7,698.3,2023-07-18
Main Beer Stand RC,7,50.05,0.0,50.05,5.95,2023-07-18
Cabana Bar RC,4,28.6,0.0,28.6,3.4,2023-07-18
Pavillion Bar RC,10,71.5,0.0,71.5,8.5,2023-07-18
Main Stand RC,602,1619.26,6.21,1625.47,174.37,2023-07-18
Right Field RC,106,297.16,0.0,297.16,31.84,2023-07-18
Suites RC,1,7.15,0.0,7.15,0.85,2023-07-18
Hot Corner RC,151,432.18,1.58,433.76,46.57,2023-07-18
Suites RC,6,62.53,0.0,62.53,7.47,2023-07-18
Cabana Bar RC,63,635.98,0.0,635.98,76.02,2023-07-18
Main Beer Stand RC,59,584.15,0.0,584.15,69.85,2023-07-18
Main Stand RC,4663,2452.16,9.43,2461.59,257.66,2023-07-18
Blue Trailer RC,296,1827.62,15.08,1842.7,201.63,2023-07-18
Wilcox Ice Cream RC,247,969.93,25.21,995.14,106.07,2023-07-18
Hot Corner RC,208,1107.5,9.23,1116.73,121.0,2023-07-18
Taco Barn RC,87,665.06,20.69,685.75,72.94,2023-07-18
Suites RC,24,5.52,0.0,5.52,0.48,2023-07-18
Dippin Dots RC,292,1830.55,9.46,1840.01,202.95,2023-07-18
Pavillion Bar RC,31,114.61,0.0,114.61,12.39,2023-07-18
Right Field RC,1587,419.79,0.0,419.79,37.71,2023-07-18
White Trailer RC,91,453.14,0.0,453.14,49.86,2023-07-18
Main Beer Stand RC,42,163.32,0.0,163.32,17.68,2023-07-18
Pizza Trailer RC,112,1236.28,0.0,1236.28,135.72,2023-07-18
Taco Barn RC,136,1144.35,17.1,1161.45,125.65,2023-07-19
Hot Corner RC,157,450.87,1.13,452.0,48.38,2023-07-19
Suites RC,59,386.05,0.0,386.05,45.95,2023-07-19
Pavillion Bar RC,218,1428.01,0.0,1428.01,169.99,2023-07-19
Main Beer Stand RC,602,3933.77,0.0,3933.77,468.23,2023-07-19
Cabana Bar RC,146,914.32,0.0,914.32,108.68,2023-07-19
Pavillion Bar RC,36,257.46,0.0,257.46,30.54,2023-07-19
Suites RC,3,21.51,0.0,21.51,2.49,2023-07-19
Main Beer Stand RC,75,536.25,0.0,536.25,63.75,2023-07-19
Right Field RC,227,1070.01,21.26,1091.27,117.36,2023-07-19
Blue Trailer RC,259,1639.74,18.43,1658.17,180.76,2023-07-19
White Trailer RC,128,683.98,8.53,692.51,75.52,2023-07-19
Dippin Dots RC,313,1959.4,12.56,1971.96,217.6,2023-07-19
Main Beer Stand RC,39,145.29,0.0,145.29,15.71,2023-07-19
Pizza Trailer RC,180,2000.54,0.0,2000.54,219.46,2023-07-19
Hot Corner RC,516,2597.34,12.4,2609.74,284.16,2023-07-19
Main Beer Stand RC,70,197.8,0.0,197.8,21.2,2023-07-19
Main Stand RC,1028,3786.11,32.09,3818.2,415.01,2023-07-19
Wilcox Ice Cream RC,271,1085.67,23.81,1109.48,118.83,2023-07-19
Pavillion Bar RC,21,65.44,3.17,68.61,7.06,2023-07-19
Merchandise RC,450,7789.81,34.3,7824.11,212.12,2023-07-19
Pavillion Bar RC,40,111.99,3.16,115.15,12.01,2023-07-19
Main Beer Stand RC,61,614.54,0.0,614.54,73.46,2023-07-19
Main Stand RC,456,1177.97,11.52,1189.49,127.28,2023-07-19
Pavillion Bar RC,11,50.49,0.0,50.49,4.51,2023-07-19
Cabana Bar RC,3,21.45,0.0,21.45,2.55,2023-07-19
Wilcox Ice Cream RC,22,52.41,0.0,52.41,5.59,2023-07-19
Pavillion Bar RC,3,21.45,0.0,21.45,2.55,2023-07-19
Main Beer Stand RC,26,185.9,0.0,185.9,22.1,2023-07-19
Suites RC,1,7.15,0.0,7.15,0.85,2023-07-19
Pavillion Bar RC,24,246.54,0.0,246.54,29.46,2023-07-19
Suites RC,14,142.92,0.0,142.92,17.08,2023-07-19
Right Field RC,68,186.98,0.0,186.98,20.02,2023-07-19
White Trailer RC,108,304.37,2.71,307.08,32.63,2023-07-19
Pizza Trailer RC,15,58.87,2.03,60.9,6.38,2023-07-19
Cabana Bar RC,5,36.05,0.0,36.05,3.95,2023-07-19
Blue Trailer RC,120,240.45,1.13,241.58,25.8,2023-07-19
Cabana Bar RC,22,221.52,0.0,221.52,26.48,2023-07-19
Wilcox Ice Cream RC,2,4.52,0.0,4.52,0.48,2023-07-28
Hot Corner RC,10,27.3,1.58,28.88,2.95,2023-07-28
Hot Corner RC,12,68.52,4.5,73.02,7.48,2023-07-28
Wilcox Ice Cream RC,19,76.64,2.69,79.33,8.36,2023-07-28
Cabana Bar RC,20,132.26,0.0,132.26,15.74,2023-07-28
Pavillion Bar RC,22,100.98,0.0,100.98,9.02,2023-07-30
Suites RC,4,18.36,0.0,18.36,1.64,2023-07-30
Pavillion Bar RC,110,302.6,0.0,302.6,32.4,2023-07-30
Suites RC,19,66.79,0.0,66.79,7.21,2023-07-30
Main Beer Stand RC,53,202.13,0.0,202.13,21.87,2023-07-30
Main Stand RC,1304,5740.88,28.81,5769.69,628.37,2023-07-30
Right Field RC,341,1708.93,46.59,1755.52,187.31,2023-07-30
Hot Corner RC,637,3264.78,41.41,3306.19,357.22,2023-07-30
Blue Trailer RC,389,2503.81,7.19,2511.0,275.69,2023-07-30
Pavillion Bar RC,30,103.8,0.0,103.8,11.2,2023-07-30
Wilcox Ice Cream RC,386,1607.37,13.01,1620.38,176.13,2023-07-30
Merchandise RC,589,9268.47,37.18,9305.65,292.15,2023-07-30
White Trailer RC,210,571.76,0.0,571.76,61.24,2023-07-30
Blue Trailer RC,221,491.69,1.13,492.82,52.56,2023-07-30
Suites RC,24,68.19,0.0,68.19,7.31,2023-07-30
Main Beer Stand RC,88,258.28,0.0,258.28,27.72,2023-07-30
Hot Corner RC,275,760.76,5.42,766.18,81.74,2023-07-30
Pizza Trailer RC,15,60.9,0.0,60.9,6.6,2023-07-30
Right Field RC,122,323.17,6.55,329.72,34.58,2023-07-30
Wilcox Ice Cream RC,21,52.86,0.0,52.86,5.64,2023-07-30
Main Stand RC,776,2086.96,2.26,2089.22,225.04,2023-07-30
Taco Barn RC,227,1844.56,45.9,1890.46,202.44,2023-07-30
Pizza Trailer RC,174,1978.92,0.0,1978.92,217.08,2023-07-30
Suites RC,16,114.52,0.0,114.52,13.48,2023-07-30
Pavillion Bar RC,61,436.33,0.0,436.33,51.67,2023-07-30
Main Beer Stand RC,161,1151.15,0.0,1151.15,136.85,2023-07-30
Suites RC,1,7.15,0.0,7.15,0.85,2023-07-30
Pavillion Bar RC,7,50.05,0.0,50.05,5.95,2023-07-30
Main Beer Stand RC,26,185.9,0.0,185.9,22.1,2023-07-30
White Trailer RC,189,1051.2,3.14,1054.34,116.3,2023-07-30
Pavillion Bar RC,326,2149.18,0.0,2149.18,255.82,2023-07-30
Main Beer Stand RC,929,5978.26,0.0,5978.26,711.74,2023-07-30
Main Beer Stand RC,78,793.2,0.0,793.2,94.8,2023-07-30
Suites RC,15,153.64,0.0,153.64,18.36,2023-07-30
Pavillion Bar RC,62,596.62,0.0,596.62,71.38,2023-07-30
Dippin Dots RC,539,3374.28,21.98,3396.26,374.22,2023-07-30
Suites RC,102,669.32,0.0,669.32,79.68,2023-07-30
Taco Barn RC,201,1664.29,41.4,1705.69,182.71,2023-08-01
Wilcox Ice Cream RC,294,1271.02,22.21,1293.23,139.23,2023-08-01
Main Beer Stand RC,100,715.0,0.0,715.0,85.0,2023-08-01
Suites RC,2,14.3,0.0,14.3,1.7,2023-08-01
Pavillion Bar RC,44,434.09,0.0,434.09,51.91,2023-08-01
Main Beer Stand RC,54,541.29,0.0,541.29,64.71,2023-08-01
Suites RC,27,259.01,0.0,259.01,30.99,2023-08-01
Cabana Bar RC,245,1604.75,0.0,1604.75,190.75,2023-08-01
Hot Corner RC,609,3177.57,28.14,3205.71,347.93,2023-08-01
Suites RC,7,50.05,0.0,50.05,5.95,2023-08-01
Pavillion Bar RC,44,314.78,0.0,314.78,37.22,2023-08-01
Main Stand RC,1275,5784.45,14.19,5798.64,633.8,2023-08-01
Pavillion Bar RC,41,141.67,3.62,145.29,15.33,2023-08-01
Blue Trailer RC,308,2065.9,8.31,2074.21,227.35,2023-08-01
White Trailer RC,190,1057.53,15.7,1073.23,116.97,2023-08-01
Right Field RC,298,1537.15,37.24,1574.39,168.47,2023-08-01
Pizza Trailer RC,134,1497.72,28.87,1526.59,164.28,2023-08-01
Pavillion Bar RC,14,64.26,0.0,64.26,5.74,2023-08-01
Cabana Bar RC,7,50.05,0.0,50.05,5.95,2023-08-01
Pavillion Bar RC,10,71.5,0.0,71.5,8.5,2023-08-01
Cabana Bar RC,28,269.73,0.0,269.73,32.27,2023-08-01
Main Beer Stand RC,69,270.69,0.0,270.69,29.31,2023-08-01
Dippin Dots RC,386,2410.6,21.98,2432.58,266.9,2023-08-01
Main Beer Stand RC,14,100.1,0.0,100.1,11.9,2023-08-01
Pavillion Bar RC,384,2534.32,0.0,2534.32,301.68,2023-08-01
Suites RC,96,650.58,0.0,650.58,77.42,2023-08-01
Main Beer Stand RC,807,5310.02,0.0,5310.02,631.98,2023-08-01
Blue Trailer RC,125,296.26,1.36,297.62,31.74,2023-08-01
Main Stand RC,550,1480.9,4.72,1485.62,159.85,2023-08-01
Pavillion Bar RC,35,112.85,0.0,112.85,12.15,2023-08-01
Hot Corner RC,180,509.53,4.29,513.82,54.72,2023-08-01
White Trailer RC,111,318.34,0.0,318.34,34.16,2023-08-01
Main Beer Stand RC,59,167.99,0.0,167.99,18.01,2023-08-01
Right Field RC,99,276.15,4.29,280.44,29.6,2023-08-01
Pizza Trailer RC,8,32.48,0.0,32.48,3.52,2023-08-01
Wilcox Ice Cream RC,16,36.16,0.0,36.16,3.84,2023-08-01
Merchandise RC,461,8482.33,33.79,8516.12,243.51,2023-08-01
Cabana Bar RC,3,21.63,0.0,21.63,2.37,2023-08-01
Merchandise RC,280,4868.18,68.35,4936.53,128.1,2023-08-03
Main Beer Stand RC,43,446.64,0.0,446.64,53.36,2023-08-03
Cabana Bar RC,19,194.73,0.0,194.73,23.27,2023-08-03
Suites RC,5,53.6,0.0,53.6,6.4,2023-08-03
Pavillion Bar RC,19,200.1,0.0,200.1,23.9,2023-08-03
Pavillion Bar RC,6,42.9,0.0,42.9,5.1,2023-08-03
Cabana Bar RC,3,21.45,0.0,21.45,2.55,2023-08-03
Main Beer Stand RC,7,50.05,0.0,50.05,5.95,2023-08-03
Suites RC,8,57.2,0.0,57.2,6.8,2023-08-03
Cabana Bar RC,70,442.39,0.0,442.39,52.61,2023-08-03
Suites RC,89,598.75,0.0,598.75,71.25,2023-08-03
Main Beer Stand RC,428,2775.59,0.0,2775.59,330.41,2023-08-03
Suites RC,32,109.49,0.0,109.49,12.01,2023-08-03
Right Field RC,70,432.31,36.48,468.79,47.44,2023-08-03
Dippin Dots RC,178,1087.17,34.58,1121.75,120.33,2023-08-03
Main Stand RC,546,2335.48,35.12,2370.6,255.51,2023-08-03
Blue Trailer RC,210,1340.25,18.43,1358.68,147.75,2023-08-03
Hot Corner RC,214,1120.63,3.6,1124.23,122.62,2023-08-03
White Trailer RC,68,377.26,1.81,379.07,41.74,2023-08-03
Main Beer Stand RC,22,83.92,0.0,83.92,9.08,2023-08-03
Pavillion Bar RC,7,25.27,0.0,25.27,2.73,2023-08-03
Pizza Trailer RC,151,1652.66,0.0,1652.66,181.34,2023-08-03
Pavillion Bar RC,120,778.33,0.0,778.33,92.67,2023-08-03
Hot Corner RC,59,172.02,0.0,172.02,18.48,2023-08-03
Blue Trailer RC,80,183.85,0.0,183.85,19.65,2023-08-03
White Trailer RC,59,163.04,0.0,163.04,17.46,2023-08-03
Right Field RC,23,62.47,4.74,67.21,6.78,2023-08-03
Cabana Bar RC,1,7.21,0.0,7.21,0.79,2023-08-03
Main Stand RC,276,742.17,12.15,754.32,80.33,2023-08-03
Pavillion Bar RC,15,46.95,0.0,46.95,5.05,2023-08-03
Suites RC,3,7.68,0.0,7.68,0.82,2023-08-03
Pizza Trailer RC,8,32.48,0.0,32.48,3.52,2023-08-03
Wilcox Ice Cream RC,1,3.61,0.0,3.61,0.39,2023-08-03
Main Beer Stand RC,24,78.99,0.0,78.99,8.51,2023-08-03
Main Beer Stand RC,50,357.5,0.0,357.5,42.5,2023-08-03
Taco Barn RC,103,863.21,31.5,894.71,94.79,2023-08-03
Suites RC,11,78.95,0.0,78.95,9.05,2023-08-03
Wilcox Ice Cream RC,234,912.25,31.08,943.33,99.75,2023-08-03
Pavillion Bar RC,12,85.8,0.0,85.8,10.2,2023-08-03
Dippin Dots RC,332,2064.11,28.3,2092.41,228.39,2023-08-04
Wilcox Ice Cream RC,334,1401.69,19.36,1421.05,153.81,2023-08-04
Taco Barn RC,165,1355.24,18.0,1373.24,148.76,2023-08-04
Blue Trailer RC,378,2557.15,24.01,2581.16,281.6,2023-08-04
Cabana Bar RC,1,7.21,0.0,7.21,0.79,2023-08-04
Wilcox Ice Cream RC,12,28.47,0.0,28.47,3.03,2023-08-04
Merchandise RC,509,9105.01,59.48,9164.49,221.51,2023-08-04
Main Stand RC,896,4067.18,79.62,4146.8,445.44,2023-08-04
Hot Corner RC,137,393.38,1.58,394.96,42.37,2023-08-04
Pizza Trailer RC,6,24.36,0.0,24.36,2.64,2023-08-04
Right Field RC,39,112.44,0.0,112.44,12.06,2023-08-04
Blue Trailer RC,110,256.91,0.0,256.91,27.59,2023-08-04
White Trailer RC,79,207.09,6.55,213.64,22.16,2023-08-04
Main Stand RC,438,1187.84,13.28,1201.12,128.41,2023-08-04
Main Beer Stand RC,46,138.61,0.0,138.61,14.89,2023-08-04
Pavillion Bar RC,15,55.95,0.0,55.95,6.05,2023-08-04
Hot Corner RC,423,2381.9,19.59,2401.49,260.59,2023-08-04
White Trailer RC,126,703.67,1.36,705.03,77.83,2023-08-04
Main Beer Stand RC,18,128.7,0.0,128.7,15.3,2023-08-04
Suites RC,37,223.38,0.0,223.38,26.62,2023-08-04
Main Beer Stand RC,732,4721.86,0.0,4721.86,562.14,2023-08-04
Pavillion Bar RC,167,1095.58,0.0,1095.58,130.42,2023-08-04
Suites RC,9,85.74,0.0,85.74,10.26,2023-08-04
Pavillion Bar RC,38,373.35,0.0,373.35,44.65,2023-08-04
Main Beer Stand RC,38,137.18,0.0,137.18,14.82,2023-08-04
Main Beer Stand RC,60,614.56,0.0,614.56,73.44,2023-08-04
Cabana Bar RC,134,888.29,0.0,888.29,105.71,2023-08-04
Pavillion Bar RC,33,236.01,0.0,236.01,27.99,2023-08-04
Suites RC,7,50.05,0.0,50.05,5.95,2023-08-04
Pavillion Bar RC,22,82.12,0.0,82.12,8.88,2023-08-04
Right Field RC,124,773.69,15.31,789.0,84.81,2023-08-04
Pizza Trailer RC,151,1719.45,0.0,1719.45,188.55,2023-08-04
Cabana Bar RC,21,214.38,0.0,214.38,25.62,2023-08-04
Main Beer Stand RC,116,829.4,0.0,829.4,98.6,2023-08-04
Merchandise RC,69,1235.29,25.79,1261.08,24.48,2023-08-08
Main Beer Stand RC,4,14.44,0.0,14.44,1.56,2023-08-08
Pavillion Bar RC,2,6.32,0.0,6.32,0.68,2023-08-08
Blue Trailer RC,50,359.06,3.14,362.2,39.44,2023-08-08
Dippin Dots RC,32,179.66,22.02,201.68,19.84,2023-08-08
Taco Barn RC,68,546.98,22.5,569.48,60.02,2023-08-08
Wilcox Ice Cream RC,79,298.67,27.47,326.14,32.83,2023-08-08
White Trailer RC,32,174.7,0.0,174.7,19.3,2023-08-08
Hot Corner RC,75,415.81,19.03,434.84,45.56,2023-08-08
Pizza Trailer RC,127,1348.03,0.0,1348.03,147.97,2023-08-08
Main Stand RC,195,799.45,17.11,816.56,87.54,2023-08-08
Main Beer Stand RC,4,28.6,0.0,28.6,3.4,2023-08-08
Main Beer Stand RC,136,893.64,0.0,893.64,106.36,2023-08-08
Pavillion Bar RC,64,420.01,0.0,420.01,49.99,2023-08-08
Right Field RC,36,226.28,3.5,229.78,24.84,2023-08-08
Pavillion Bar RC,13,93.07,0.0,93.07,10.93,2023-08-08
Suites RC,2,14.3,0.0,14.3,1.7,2023-08-08
Suites RC,16,109.91,0.0,109.91,13.09,2023-08-08
Main Beer Stand RC,26,185.9,0.0,185.9,22.1,2023-08-08
Main Beer Stand RC,10,37.45,0.0,37.45,4.05,2023-08-08
Wilcox Ice Cream RC,2,4.52,0.0,4.52,0.48,2023-08-08
White Trailer RC,27,75.19,1.13,76.32,8.06,2023-08-08
Main Stand RC,126,309.57,0.0,309.57,33.43,2023-08-08
Pavillion Bar RC,4,12.64,0.0,12.64,1.36,2023-08-08
Right Field RC,10,28.9,0.0,28.9,3.1,2023-08-08
Hot Corner RC,21,60.04,0.0,60.04,6.46,2023-08-08
Main Beer Stand RC,12,112.53,0.0,112.53,13.47,2023-08-08
Suites RC,10,100.04,0.0,100.04,11.96,2023-08-08
Pavillion Bar RC,11,101.81,0.0,101.81,12.19,2023-08-08
Blue Trailer RC,48,85.77,0.0,85.77,9.23,2023-08-08
Suites RC,4,12.64,0.0,12.64,1.36,2023-08-09
Pavillion Bar RC,6,42.9,0.0,42.9,5.1,2023-08-09
Main Beer Stand RC,19,135.85,0.0,135.85,16.15,2023-08-09
Suites RC,5,21.45,14.3,35.75,2.55,2023-08-09
Main Beer Stand RC,20,191.13,0.0,191.13,22.87,2023-08-09
Main Beer Stand RC,7,50.05,0.0,50.05,5.95,2023-08-09
Suites RC,9,96.48,0.0,96.48,11.52,2023-08-09
Main Beer Stand RC,220,1444.12,0.0,1444.12,171.88,2023-08-09
Pavillion Bar RC,84,561.21,0.0,561.21,66.79,2023-08-09
Suites RC,2,7.15,7.15,14.3,0.85,2023-08-09
Wilcox Ice Cream RC,2,4.52,0.0,4.52,0.48,2023-08-09
Pavillion Bar RC,9,92.9,0.0,92.9,11.1,2023-08-09
Main Beer Stand RC,16,75.76,0.0,75.76,8.24,2023-08-09
Blue Trailer RC,76,153.98,0.0,153.98,16.52,2023-08-09
Pavillion Bar RC,3,13.77,0.0,13.77,1.23,2023-08-09
Hot Corner RC,122,688.74,25.1,713.84,75.39,2023-08-09
Pizza Trailer RC,127,1373.27,0.0,1373.27,150.73,2023-08-09
Main Stand RC,277,1242.97,22.74,1265.71,136.27,2023-08-09
Wilcox Ice Cream RC,139,502.7,44.75,547.45,55.05,2023-08-09
Taco Barn RC,75,600.13,27.0,627.13,65.87,2023-08-09
Blue Trailer RC,103,697.23,7.64,704.87,76.77,2023-08-09
Hot Corner RC,56,159.33,2.26,161.59,17.17,2023-08-09
Suites RC,8,54.11,0.0,54.11,5.89,2023-08-09
Main Beer Stand RC,16,57.76,0.0,57.76,6.24,2023-08-09
Dippin Dots RC,86,535.68,6.28,541.96,59.32,2023-08-09
Merchandise RC,102,1433.15,24.9,1458.05,52.57,2023-08-09
Pavillion Bar RC,23,69.08,0.0,69.08,7.42,2023-08-09
Main Stand RC,216,509.19,6.08,515.27,55.06,2023-08-09
Pavillion Bar RC,10,32.5,0.0,32.5,3.5,2023-08-09
